measure_id,measure_name,location_id,location_name,sex_id,sex_name,age_id,age_name,cause_id,cause_name,metric_id,metric_name,year,val,upper,lower
6,Incidence,44634,High-middle SDI,1,Male,1,<5 years,559,Schizophrenia,1,Number,2021,0.0,0.0,0.0
6,Incidence,44634,High-middle SDI,2,Female,1,<5 years,559,Schizophrenia,1,Number,2021,0.0,0.0,0.0
6,Incidence,44634,High-middle SDI,3,Both,1,<5 years,559,Schizophrenia,1,Number,2021,0.0,0.0,0.0
6,Incidence,44634,High-middle SDI,1,Male,6,5-9 years,559,Schizophrenia,1,Number,2021,0.0,0.0,0.0
6,Incidence,44634,High-middle SDI,2,Female,6,5-9 years,559,Schizophrenia,1,Number,2021,0.0,0.0,0.0
6,Incidence,44634,High-middle SDI,3,Both,6,5-9 years,559,Schizophrenia,1,Number,2021,0.0,0.0,0.0
6,Incidence,44634,High-middle SDI,1,Male,7,10-14 years,559,Schizophrenia,1,Number,2021,2573.7488017243977,4199.277085441087,1447.1415739274132
6,Incidence,44634,High-middle SDI,2,Female,7,10-14 years,559,Schizophrenia,1,Number,2021,2045.660833461356,3392.2460611851584,1111.7029571041603
6,Incidence,44634,High-middle SDI,3,Both,7,10-14 years,559,Schizophrenia,1,Number,2021,4619.409635185761,7578.816693473802,2570.644820795351
6,Incidence,44634,High-middle SDI,1,Male,8,15-19 years,559,Schizophrenia,1,Number,2021,11250.150378992685,16931.303533418657,6664.29394767135
6,Incidence,44634,High-middle SDI,2,Female,8,15-19 years,559,Schizophrenia,1,Number,2021,9430.008021791497,14306.420287116158,5468.223732316779
6,Incidence,44634,High-middle SDI,3,Both,8,15-19 years,559,Schizophrenia,1,Number,2021,20680.158400784178,31181.511409899824,12074.02941786074
6,Incidence,44634,High-middle SDI,1,Male,9,20-24 years,559,Schizophrenia,1,Number,2021,20877.09830316139,28700.47239196793,14080.79120832111
6,Incidence,44634,High-middle SDI,2,Female,9,20-24 years,559,Schizophrenia,1,Number,2021,17744.222962148444,23996.65747663756,11914.809019912736
6,Incidence,44634,High-middle SDI,3,Both,9,20-24 years,559,Schizophrenia,1,Number,2021,38621.32126530983,52564.13382983234,26300.12941041109
6,Incidence,44634,High-middle SDI,1,Male,10,25-29 years,559,Schizophrenia,1,Number,2021,19625.353374323266,28137.232405188857,12233.935067537162
6,Incidence,44634,High-middle SDI,2,Female,10,25-29 years,559,Schizophrenia,1,Number,2021,16169.088146968832,23480.44378636936,9909.657903832294
6,Incidence,44634,High-middle SDI,3,Both,10,25-29 years,559,Schizophrenia,1,Number,2021,35794.44152129214,51743.425933163206,22095.271578804124
6,Incidence,44634,High-middle SDI,1,Male,11,30-34 years,559,Schizophrenia,1,Number,2021,17469.432281408994,26988.86826577896,9448.829287407809
6,Incidence,44634,High-middle SDI,2,Female,11,30-34 years,559,Schizophrenia,1,Number,2021,14184.086579633087,22258.52597013796,7084.127868800486
6,Incidence,44634,High-middle SDI,3,Both,11,30-34 years,559,Schizophrenia,1,Number,2021,31653.518861042056,49112.73643732064,16610.231670382127
6,Incidence,44634,High-middle SDI,1,Male,12,35-39 years,559,Schizophrenia,1,Number,2021,12484.269464114685,16395.01373464674,9122.688327642882
6,Incidence,44634,High-middle SDI,2,Female,12,35-39 years,559,Schizophrenia,1,Number,2021,10252.89530716063,13544.29798865646,7334.280066057458
6,Incidence,44634,High-middle SDI,3,Both,12,35-39 years,559,Schizophrenia,1,Number,2021,22737.164771275297,29757.090863910475,16333.506471709034
6,Incidence,44634,High-middle SDI,1,Male,13,40-44 years,559,Schizophrenia,1,Number,2021,8524.423347983411,13036.836335678783,5244.368967746157
6,Incidence,44634,High-middle SDI,2,Female,13,40-44 years,559,Schizophrenia,1,Number,2021,7036.84711012361,10749.163533417524,4194.95012349456
6,Incidence,44634,High-middle SDI,3,Both,13,40-44 years,559,Schizophrenia,1,Number,2021,15561.270458107014,23912.601739502526,9434.72066038628
6,Incidence,44634,High-middle SDI,1,Male,14,45-49 years,559,Schizophrenia,1,Number,2021,7035.959014547815,10422.30172992458,4590.470255321921
6,Incidence,44634,High-middle SDI,2,Female,14,45-49 years,559,Schizophrenia,1,Number,2021,5880.343002498636,8670.19729233724,3702.319928647453
6,Incidence,44634,High-middle SDI,3,Both,14,45-49 years,559,Schizophrenia,1,Number,2021,12916.30201704646,19133.062345836,8234.823554692224
6,Incidence,44634,High-middle SDI,1,Male,15,50-54 years,559,Schizophrenia,1,Number,2021,5091.916580170947,6954.572095075622,3523.3617260590745
6,Incidence,44634,High-middle SDI,2,Female,15,50-54 years,559,Schizophrenia,1,Number,2021,4219.28162293939,5899.046556053876,2877.7541365763136
6,Incidence,44634,High-middle SDI,3,Both,15,50-54 years,559,Schizophrenia,1,Number,2021,9311.198203110343,12884.771715978275,6424.969399979967
6,Incidence,44634,High-middle SDI,1,Male,16,55-59 years,559,Schizophrenia,1,Number,2021,2801.209836825514,3798.487733381807,2013.6619249620296
6,Incidence,44634,High-middle SDI,2,Female,16,55-59 years,559,Schizophrenia,1,Number,2021,2319.143981570829,3168.5717956546014,1639.524316285418
6,Incidence,44634,High-middle SDI,3,Both,16,55-59 years,559,Schizophrenia,1,Number,2021,5120.353818396338,6932.754754611919,3641.790034883744
6,Incidence,44634,High-middle SDI,1,Male,17,60-64 years,559,Schizophrenia,1,Number,2021,1238.3937565112324,1931.7937125341427,674.9662129604469
6,Incidence,44634,High-middle SDI,2,Female,17,60-64 years,559,Schizophrenia,1,Number,2021,1016.7116255011972,1649.8208066798506,548.8679092166178
6,Incidence,44634,High-middle SDI,3,Both,17,60-64 years,559,Schizophrenia,1,Number,2021,2255.105382012427,3564.684835596668,1217.823561526542
6,Incidence,44634,High-middle SDI,1,Male,18,65-69 years,559,Schizophrenia,1,Number,2021,796.8215379926455,1244.232615973916,435.4649836760706
6,Incidence,44634,High-middle SDI,2,Female,18,65-69 years,559,Schizophrenia,1,Number,2021,686.8216983048998,1115.9107751762,371.01762481461
6,Incidence,44634,High-middle SDI,3,Both,18,65-69 years,559,Schizophrenia,1,Number,2021,1483.6432362975436,2347.524727937951,798.7232399701808
6,Incidence,44634,High-middle SDI,1,Male,19,70-74 years,559,Schizophrenia,1,Number,2021,330.98897763522734,516.4157027784689,179.55233963872075
6,Incidence,44634,High-middle SDI,2,Female,19,70-74 years,559,Schizophrenia,1,Number,2021,299.41979854191163,490.6099106057046,161.49247245055315
6,Incidence,44634,High-middle SDI,3,Both,19,70-74 years,559,Schizophrenia,1,Number,2021,630.4087761771382,1005.189992939992,338.7425271854222
6,Incidence,44634,High-middle SDI,1,Male,20,75-79 years,559,Schizophrenia,1,Number,2021,64.70528090045295,101.21702921135372,34.981704093457125
6,Incidence,44634,High-middle SDI,2,Female,20,75-79 years,559,Schizophrenia,1,Number,2021,61.83642733345789,101.9755093022195,33.3352758431268
6,Incidence,44634,High-middle SDI,3,Both,20,75-79 years,559,Schizophrenia,1,Number,2021,126.54170823391073,203.17699826350207,68.10714025510603
6,Incidence,44634,High-middle SDI,1,Male,235,95+ years,559,Schizophrenia,1,Number,2021,0.0,0.0,0.0
6,Incidence,44634,High-middle SDI,2,Female,235,95+ years,559,Schizophrenia,1,Number,2021,0.0,0.0,0.0
6,Incidence,44634,High-middle SDI,3,Both,235,95+ years,559,Schizophrenia,1,Number,2021,0.0,0.0,0.0
6,Incidence,44634,High-middle SDI,1,Male,22,All ages,559,Schizophrenia,1,Number,2021,110164.47093629264,129613.96963839576,94456.5312572368
6,Incidence,44634,High-middle SDI,2,Female,22,All ages,559,Schizophrenia,1,Number,2021,91346.36711797772,107492.09065707106,78126.65093667465
6,Incidence,44634,High-middle SDI,3,Both,22,All ages,559,Schizophrenia,1,Number,2021,201510.8380542706,236757.02878024912,172551.08861720565
6,Incidence,44634,High-middle SDI,1,Male,30,80-84 years,559,Schizophrenia,1,Number,2021,0.0,0.0,0.0
6,Incidence,44634,High-middle SDI,2,Female,30,80-84 years,559,Schizophrenia,1,Number,2021,0.0,0.0,0.0
6,Incidence,44634,High-middle SDI,3,Both,30,80-84 years,559,Schizophrenia,1,Number,2021,0.0,0.0,0.0
6,Incidence,44634,High-middle SDI,1,Male,31,85-89 years,559,Schizophrenia,1,Number,2021,0.0,0.0,0.0
6,Incidence,44634,High-middle SDI,2,Female,31,85-89 years,559,Schizophrenia,1,Number,2021,0.0,0.0,0.0
6,Incidence,44634,High-middle SDI,3,Both,31,85-89 years,559,Schizophrenia,1,Number,2021,0.0,0.0,0.0
6,Incidence,44634,High-middle SDI,1,Male,32,90-94 years,559,Schizophrenia,1,Number,2021,0.0,0.0,0.0
6,Incidence,44634,High-middle SDI,2,Female,32,90-94 years,559,Schizophrenia,1,Number,2021,0.0,0.0,0.0
6,Incidence,44634,High-middle SDI,3,Both,32,90-94 years,559,Schizophrenia,1,Number,2021,0.0,0.0,0.0
6,Incidence,44636,Low-middle SDI,1,Male,1,<5 years,559,Schizophrenia,1,Number,2021,0.0,0.0,0.0
6,Incidence,44636,Low-middle SDI,2,Female,1,<5 years,559,Schizophrenia,1,Number,2021,0.0,0.0,0.0
6,Incidence,44636,Low-middle SDI,3,Both,1,<5 years,559,Schizophrenia,1,Number,2021,0.0,0.0,0.0
6,Incidence,44636,Low-middle SDI,1,Male,6,5-9 years,559,Schizophrenia,1,Number,2021,0.0,0.0,0.0
6,Incidence,44636,Low-middle SDI,2,Female,6,5-9 years,559,Schizophrenia,1,Number,2021,0.0,0.0,0.0
6,Incidence,44636,Low-middle SDI,3,Both,6,5-9 years,559,Schizophrenia,1,Number,2021,0.0,0.0,0.0
6,Incidence,44636,Low-middle SDI,1,Male,7,10-14 years,559,Schizophrenia,1,Number,2021,5432.836439405604,9254.58052153022,2832.978624035798
6,Incidence,44636,Low-middle SDI,2,Female,7,10-14 years,559,Schizophrenia,1,Number,2021,4306.014229633223,7500.752097317469,2166.9384407828893
6,Incidence,44636,Low-middle SDI,3,Both,7,10-14 years,559,Schizophrenia,1,Number,2021,9738.850669038828,16744.517023152337,5012.546996514977
6,Incidence,44636,Low-middle SDI,1,Male,8,15-19 years,559,Schizophrenia,1,Number,2021,25384.44799974885,40960.7036882172,13832.504517080644
6,Incidence,44636,Low-middle SDI,2,Female,8,15-19 years,559,Schizophrenia,1,Number,2021,20438.92373609421,33388.705799356714,11060.236306721448
6,Incidence,44636,Low-middle SDI,3,Both,8,15-19 years,559,Schizophrenia,1,Number,2021,45823.37173584306,74461.59508810099,24926.43939123305
6,Incidence,44636,Low-middle SDI,1,Male,235,95+ years,559,Schizophrenia,1,Number,2021,0.0,0.0,0.0
6,Incidence,44636,Low-middle SDI,2,Female,235,95+ years,559,Schizophrenia,1,Number,2021,0.0,0.0,0.0
6,Incidence,44636,Low-middle SDI,3,Both,235,95+ years,559,Schizophrenia,1,Number,2021,0.0,0.0,0.0
6,Incidence,44636,Low-middle SDI,1,Male,9,20-24 years,559,Schizophrenia,1,Number,2021,45061.02442085253,64768.39437259847,27894.29284900768
6,Incidence,44636,Low-middle SDI,2,Female,9,20-24 years,559,Schizophrenia,1,Number,2021,37235.22079106753,54143.12535530252,23044.42768939353
6,Incidence,44636,Low-middle SDI,3,Both,9,20-24 years,559,Schizophrenia,1,Number,2021,82296.24521192006,118949.67474081548,50607.05515847006
6,Incidence,44636,Low-middle SDI,1,Male,10,25-29 years,559,Schizophrenia,1,Number,2021,36433.04593406616,53625.2563535568,21384.348091426466
6,Incidence,44636,Low-middle SDI,2,Female,10,25-29 years,559,Schizophrenia,1,Number,2021,30650.277227619536,45020.77391260408,17798.52977158578
6,Incidence,44636,Low-middle SDI,3,Both,10,25-29 years,559,Schizophrenia,1,Number,2021,67083.3231616857,98587.61216646456,39300.54638424514
6,Incidence,44636,Low-middle SDI,1,Male,11,30-34 years,559,Schizophrenia,1,Number,2021,23126.289631204487,37775.23726952272,11421.563772484944
6,Incidence,44636,Low-middle SDI,2,Female,11,30-34 years,559,Schizophrenia,1,Number,2021,19386.327807343623,31161.22104980205,9496.481310195504
6,Incidence,44636,Low-middle SDI,3,Both,11,30-34 years,559,Schizophrenia,1,Number,2021,42512.6174385481,68807.05750446212,20968.631273096576
6,Incidence,44636,Low-middle SDI,1,Male,12,35-39 years,559,Schizophrenia,1,Number,2021,14447.858014879472,19948.76921902905,9672.170421719864
6,Incidence,44636,Low-middle SDI,2,Female,12,35-39 years,559,Schizophrenia,1,Number,2021,12079.447827453992,16476.326765065853,8233.751102074864
6,Incidence,44636,Low-middle SDI,3,Both,12,35-39 years,559,Schizophrenia,1,Number,2021,26527.30584233344,36330.75844577018,17895.861834923307
6,Incidence,44636,Low-middle SDI,1,Male,13,40-44 years,559,Schizophrenia,1,Number,2021,8727.216047367996,14895.236050712789,4667.377344017576
6,Incidence,44636,Low-middle SDI,2,Female,13,40-44 years,559,Schizophrenia,1,Number,2021,7322.234332134234,12377.42361408816,3992.9700232748455
6,Incidence,44636,Low-middle SDI,3,Both,13,40-44 years,559,Schizophrenia,1,Number,2021,16049.450379502214,27352.712221655223,8652.635734952459
6,Incidence,44636,Low-middle SDI,1,Male,14,45-49 years,559,Schizophrenia,1,Number,2021,5821.071136089433,9538.581142684132,3343.316320760614
6,Incidence,44636,Low-middle SDI,2,Female,14,45-49 years,559,Schizophrenia,1,Number,2021,4890.506028021983,7946.111964497762,2820.439530931282
6,Incidence,44636,Low-middle SDI,3,Both,14,45-49 years,559,Schizophrenia,1,Number,2021,10711.577164111406,17472.304285766426,6162.2513567900605
6,Incidence,44636,Low-middle SDI,1,Male,15,50-54 years,559,Schizophrenia,1,Number,2021,3571.1986106688973,5393.391961465799,2272.6390980254664
6,Incidence,44636,Low-middle SDI,2,Female,15,50-54 years,559,Schizophrenia,1,Number,2021,3008.3860454003484,4553.963931425414,1932.1931404050745
6,Incidence,44636,Low-middle SDI,3,Both,15,50-54 years,559,Schizophrenia,1,Number,2021,6579.584656069248,9927.053929433712,4210.494856507139
6,Incidence,44636,Low-middle SDI,1,Male,16,55-59 years,559,Schizophrenia,1,Number,2021,1787.8642538331894,2512.4318136470924,1160.6802103759217
6,Incidence,44636,Low-middle SDI,2,Female,16,55-59 years,559,Schizophrenia,1,Number,2021,1519.1786048889048,2148.687683858533,986.1342007200813
6,Incidence,44636,Low-middle SDI,3,Both,16,55-59 years,559,Schizophrenia,1,Number,2021,3307.042858722097,4657.320704771002,2129.1536569290565
6,Incidence,44636,Low-middle SDI,1,Male,17,60-64 years,559,Schizophrenia,1,Number,2021,865.2019217335946,1438.2188029096951,446.9094785904126
6,Incidence,44636,Low-middle SDI,2,Female,17,60-64 years,559,Schizophrenia,1,Number,2021,747.0045311866907,1261.0040950460354,378.3518145308723
6,Incidence,44636,Low-middle SDI,3,Both,17,60-64 years,559,Schizophrenia,1,Number,2021,1612.2064529202858,2690.3663680336654,824.469388513671
6,Incidence,44636,Low-middle SDI,1,Male,18,65-69 years,559,Schizophrenia,1,Number,2021,474.4232748811369,788.3996768750812,244.84259951328005
6,Incidence,44636,Low-middle SDI,2,Female,18,65-69 years,559,Schizophrenia,1,Number,2021,418.1302918495293,705.7023006134152,211.6314249837036
6,Incidence,44636,Low-middle SDI,3,Both,18,65-69 years,559,Schizophrenia,1,Number,2021,892.5535667306654,1490.925313414385,456.1761706583487
6,Incidence,44636,Low-middle SDI,1,Male,19,70-74 years,559,Schizophrenia,1,Number,2021,199.03973181193248,331.06522757898006,102.61441269600849
6,Incidence,44636,Low-middle SDI,2,Female,19,70-74 years,559,Schizophrenia,1,Number,2021,179.6379983601736,303.3062866317288,90.85766690310795
6,Incidence,44636,Low-middle SDI,3,Both,19,70-74 years,559,Schizophrenia,1,Number,2021,378.6777301721064,633.9084900614503,193.4197142723481
6,Incidence,44636,Low-middle SDI,1,Male,20,75-79 years,559,Schizophrenia,1,Number,2021,41.26692281320516,68.82681048895228,21.251321033498566
6,Incidence,44636,Low-middle SDI,2,Female,20,75-79 years,559,Schizophrenia,1,Number,2021,39.25569422502065,66.23392414807951,19.89451010677348
6,Incidence,44636,Low-middle SDI,3,Both,20,75-79 years,559,Schizophrenia,1,Number,2021,80.52261703822585,134.95104458862733,41.10473081427502
6,Incidence,44636,Low-middle SDI,1,Male,22,All ages,559,Schizophrenia,1,Number,2021,171372.7843393565,211555.9372664205,138020.68859949557
6,Incidence,44636,Low-middle SDI,2,Female,22,All ages,559,Schizophrenia,1,Number,2021,142220.54514527888,174332.32500616388,113722.24240316718
6,Incidence,44636,Low-middle SDI,3,Both,22,All ages,559,Schizophrenia,1,Number,2021,313593.32948463544,386296.28017354594,251893.83233765868
6,Incidence,44636,Low-middle SDI,1,Male,30,80-84 years,559,Schizophrenia,1,Number,2021,0.0,0.0,0.0
6,Incidence,44636,Low-middle SDI,2,Female,30,80-84 years,559,Schizophrenia,1,Number,2021,0.0,0.0,0.0
6,Incidence,44636,Low-middle SDI,3,Both,30,80-84 years,559,Schizophrenia,1,Number,2021,0.0,0.0,0.0
6,Incidence,44636,Low-middle SDI,1,Male,31,85-89 years,559,Schizophrenia,1,Number,2021,0.0,0.0,0.0
6,Incidence,44636,Low-middle SDI,2,Female,31,85-89 years,559,Schizophrenia,1,Number,2021,0.0,0.0,0.0
6,Incidence,44636,Low-middle SDI,3,Both,31,85-89 years,559,Schizophrenia,1,Number,2021,0.0,0.0,0.0
6,Incidence,44636,Low-middle SDI,1,Male,32,90-94 years,559,Schizophrenia,1,Number,2021,0.0,0.0,0.0
6,Incidence,44636,Low-middle SDI,2,Female,32,90-94 years,559,Schizophrenia,1,Number,2021,0.0,0.0,0.0
6,Incidence,44636,Low-middle SDI,3,Both,32,90-94 years,559,Schizophrenia,1,Number,2021,0.0,0.0,0.0
6,Incidence,44635,High SDI,1,Male,9,20-24 years,559,Schizophrenia,1,Number,2021,18994.06058207189,26212.74902999642,12807.605218223329
6,Incidence,44635,High SDI,2,Female,9,20-24 years,559,Schizophrenia,1,Number,2021,15895.267812606357,21938.339633605712,10594.7359751018
6,Incidence,44635,High SDI,3,Both,9,20-24 years,559,Schizophrenia,1,Number,2021,34889.328394678174,48190.3182885038,23390.13221714872
6,Incidence,44635,High SDI,1,Male,10,25-29 years,559,Schizophrenia,1,Number,2021,15801.377861660189,23234.847526528072,9698.161025205309
6,Incidence,44635,High SDI,2,Female,10,25-29 years,559,Schizophrenia,1,Number,2021,13785.776196297062,20228.947778344816,8551.115999844722
6,Incidence,44635,High SDI,3,Both,10,25-29 years,559,Schizophrenia,1,Number,2021,29587.154057957214,43408.58240717437,18408.03167466057
6,Incidence,44635,High SDI,1,Male,11,30-34 years,559,Schizophrenia,1,Number,2021,11431.489698777696,18282.76148619833,5738.312227248009
6,Incidence,44635,High SDI,2,Female,11,30-34 years,559,Schizophrenia,1,Number,2021,9948.52425616192,16000.90250699596,4975.970033464202
6,Incidence,44635,High SDI,3,Both,11,30-34 years,559,Schizophrenia,1,Number,2021,21380.01395493959,34267.60462175597,10714.28226071221
6,Incidence,44635,High SDI,1,Male,12,35-39 years,559,Schizophrenia,1,Number,2021,8436.923789110255,11410.99144304548,5905.924209650619
6,Incidence,44635,High SDI,2,Female,12,35-39 years,559,Schizophrenia,1,Number,2021,7535.142134860614,10276.30012336866,5394.300779557145
6,Incidence,44635,High SDI,3,Both,12,35-39 years,559,Schizophrenia,1,Number,2021,15972.065923970851,21742.262076122817,11247.176367437529
6,Incidence,44635,High SDI,1,Male,13,40-44 years,559,Schizophrenia,1,Number,2021,5859.926012716455,9320.804603222245,3320.741239780941
6,Incidence,44635,High SDI,2,Female,13,40-44 years,559,Schizophrenia,1,Number,2021,5422.756968048228,8304.631527153784,3116.659724765604
6,Incidence,44635,High SDI,3,Both,13,40-44 years,559,Schizophrenia,1,Number,2021,11282.682980764685,17545.176354936208,6437.400964546546
6,Incidence,44635,High SDI,1,Male,14,45-49 years,559,Schizophrenia,1,Number,2021,4318.492765637179,6687.972488219261,2579.43984364722
6,Incidence,44635,High SDI,2,Female,14,45-49 years,559,Schizophrenia,1,Number,2021,4047.305226414936,6086.030684524294,2432.419771651193
6,Incidence,44635,High SDI,3,Both,14,45-49 years,559,Schizophrenia,1,Number,2021,8365.79799205212,12658.17639044764,5021.607877878792
6,Incidence,44635,High SDI,1,Male,15,50-54 years,559,Schizophrenia,1,Number,2021,2981.2630044048715,4458.92291029471,1901.054653483264
6,Incidence,44635,High SDI,2,Female,15,50-54 years,559,Schizophrenia,1,Number,2021,2790.0594835709376,4142.154656014839,1758.083664481714
6,Incidence,44635,High SDI,3,Both,15,50-54 years,559,Schizophrenia,1,Number,2021,5771.322487975807,8569.024458062922,3648.7864623535934
6,Incidence,44635,High SDI,1,Male,16,55-59 years,559,Schizophrenia,1,Number,2021,1554.5405487405933,2196.0891606375394,1032.5642599154464
6,Incidence,44635,High SDI,2,Female,16,55-59 years,559,Schizophrenia,1,Number,2021,1382.4452656967946,1965.1270139649923,940.4645684044564
6,Incidence,44635,High SDI,3,Both,16,55-59 years,559,Schizophrenia,1,Number,2021,2936.985814437388,4178.8899537589805,1966.3182441644424
6,Incidence,44635,High SDI,1,Male,17,60-64 years,559,Schizophrenia,1,Number,2021,706.5196990187692,1222.58930653655,368.8277415845292
6,Incidence,44635,High SDI,2,Female,17,60-64 years,559,Schizophrenia,1,Number,2021,578.7336499836792,1059.6902425167907,295.05428494723253
6,Incidence,44635,High SDI,3,Both,17,60-64 years,559,Schizophrenia,1,Number,2021,1285.2533490024484,2302.446974050127,659.4040699251768
6,Incidence,44635,High SDI,1,Male,18,65-69 years,559,Schizophrenia,1,Number,2021,442.9831281931157,764.7159879674294,231.99462768308484
6,Incidence,44635,High SDI,2,Female,18,65-69 years,559,Schizophrenia,1,Number,2021,378.5220891161517,692.0403576398395,193.184850546184
6,Incidence,44635,High SDI,3,Both,18,65-69 years,559,Schizophrenia,1,Number,2021,821.5052173092679,1471.3583298387812,422.7266789589261
6,Incidence,44635,High SDI,1,Male,19,70-74 years,559,Schizophrenia,1,Number,2021,225.0882813038074,390.0306778653228,117.04143962558734
6,Incidence,44635,High SDI,2,Female,19,70-74 years,559,Schizophrenia,1,Number,2021,202.0565104295484,371.0290848802552,102.66305048437724
6,Incidence,44635,High SDI,3,Both,19,70-74 years,559,Schizophrenia,1,Number,2021,427.14479173335553,770.2797754791806,218.02575552046432
6,Incidence,44635,High SDI,1,Male,20,75-79 years,559,Schizophrenia,1,Number,2021,48.52287452127284,84.365180246322,25.114096796553817
6,Incidence,44635,High SDI,2,Female,20,75-79 years,559,Schizophrenia,1,Number,2021,46.88208838367068,86.31056095616808,23.768313045928107
6,Incidence,44635,High SDI,3,Both,20,75-79 years,559,Schizophrenia,1,Number,2021,95.40496290494346,172.94072315312215,48.45419287060227
6,Incidence,44637,Low SDI,1,Male,235,95+ years,559,Schizophrenia,1,Number,2021,0.0,0.0,0.0
6,Incidence,44637,Low SDI,2,Female,235,95+ years,559,Schizophrenia,1,Number,2021,0.0,0.0,0.0
6,Incidence,44637,Low SDI,3,Both,235,95+ years,559,Schizophrenia,1,Number,2021,0.0,0.0,0.0
6,Incidence,44635,High SDI,1,Male,22,All ages,559,Schizophrenia,1,Number,2021,81667.11485745272,98205.53633175358,67614.24101976262
6,Incidence,44635,High SDI,2,Female,22,All ages,559,Schizophrenia,1,Number,2021,70822.77346715226,85353.46006153003,59301.4348567882
6,Incidence,44635,High SDI,3,Both,22,All ages,559,Schizophrenia,1,Number,2021,152489.88832460486,183179.8134912291,126713.76237171909
6,Incidence,44635,High SDI,1,Male,30,80-84 years,559,Schizophrenia,1,Number,2021,0.0,0.0,0.0
6,Incidence,44635,High SDI,2,Female,30,80-84 years,559,Schizophrenia,1,Number,2021,0.0,0.0,0.0
6,Incidence,44635,High SDI,3,Both,30,80-84 years,559,Schizophrenia,1,Number,2021,0.0,0.0,0.0
6,Incidence,44635,High SDI,1,Male,31,85-89 years,559,Schizophrenia,1,Number,2021,0.0,0.0,0.0
6,Incidence,44635,High SDI,2,Female,31,85-89 years,559,Schizophrenia,1,Number,2021,0.0,0.0,0.0
6,Incidence,44635,High SDI,3,Both,31,85-89 years,559,Schizophrenia,1,Number,2021,0.0,0.0,0.0
6,Incidence,44635,High SDI,1,Male,32,90-94 years,559,Schizophrenia,1,Number,2021,0.0,0.0,0.0
6,Incidence,44635,High SDI,2,Female,32,90-94 years,559,Schizophrenia,1,Number,2021,0.0,0.0,0.0
6,Incidence,44635,High SDI,3,Both,32,90-94 years,559,Schizophrenia,1,Number,2021,0.0,0.0,0.0
6,Incidence,44635,High SDI,1,Male,1,<5 years,559,Schizophrenia,1,Number,2021,0.0,0.0,0.0
6,Incidence,44635,High SDI,2,Female,1,<5 years,559,Schizophrenia,1,Number,2021,0.0,0.0,0.0
6,Incidence,44635,High SDI,3,Both,1,<5 years,559,Schizophrenia,1,Number,2021,0.0,0.0,0.0
6,Incidence,44635,High SDI,1,Male,6,5-9 years,559,Schizophrenia,1,Number,2021,0.0,0.0,0.0
6,Incidence,44635,High SDI,2,Female,6,5-9 years,559,Schizophrenia,1,Number,2021,0.0,0.0,0.0
6,Incidence,44635,High SDI,3,Both,6,5-9 years,559,Schizophrenia,1,Number,2021,0.0,0.0,0.0
6,Incidence,44635,High SDI,1,Male,7,10-14 years,559,Schizophrenia,1,Number,2021,1469.0871820421812,2563.9446810074905,739.2704539209527
6,Incidence,44635,High SDI,2,Female,7,10-14 years,559,Schizophrenia,1,Number,2021,1196.0200741848014,2125.039765369533,586.7829639480965
6,Incidence,44635,High SDI,3,Both,7,10-14 years,559,Schizophrenia,1,Number,2021,2665.107256226981,4688.984446377024,1325.0551672502102
6,Incidence,44635,High SDI,1,Male,8,15-19 years,559,Schizophrenia,1,Number,2021,9396.839429254476,14242.62981048589,5337.988624649132
6,Incidence,44635,High SDI,2,Female,8,15-19 years,559,Schizophrenia,1,Number,2021,7613.28171139759,11804.083777749398,4223.56017754861
6,Incidence,44635,High SDI,3,Both,8,15-19 years,559,Schizophrenia,1,Number,2021,17010.12114065206,26084.00563821079,9538.054393727
6,Incidence,44635,High SDI,1,Male,235,95+ years,559,Schizophrenia,1,Number,2021,0.0,0.0,0.0
6,Incidence,44635,High SDI,2,Female,235,95+ years,559,Schizophrenia,1,Number,2021,0.0,0.0,0.0
6,Incidence,44635,High SDI,3,Both,235,95+ years,559,Schizophrenia,1,Number,2021,0.0,0.0,0.0
6,Incidence,44639,Middle SDI,1,Male,235,95+ years,559,Schizophrenia,1,Number,2021,0.0,0.0,0.0
6,Incidence,44639,Middle SDI,2,Female,235,95+ years,559,Schizophrenia,1,Number,2021,0.0,0.0,0.0
6,Incidence,44639,Middle SDI,3,Both,235,95+ years,559,Schizophrenia,1,Number,2021,0.0,0.0,0.0
6,Incidence,44637,Low SDI,1,Male,9,20-24 years,559,Schizophrenia,1,Number,2021,21672.201939367314,32059.317350440244,12872.09815468404
6,Incidence,44637,Low SDI,2,Female,9,20-24 years,559,Schizophrenia,1,Number,2021,22229.464025703044,32636.47995368498,13058.544571515558
6,Incidence,44637,Low SDI,3,Both,9,20-24 years,559,Schizophrenia,1,Number,2021,43901.66596507039,64745.16661347056,25930.6427261996
6,Incidence,44637,Low SDI,1,Male,10,25-29 years,559,Schizophrenia,1,Number,2021,16467.34681718469,24385.117708217786,9626.527446828251
6,Incidence,44637,Low SDI,2,Female,10,25-29 years,559,Schizophrenia,1,Number,2021,17205.930350073926,25585.43775239097,9978.531765358088
6,Incidence,44637,Low SDI,3,Both,10,25-29 years,559,Schizophrenia,1,Number,2021,33673.277167258566,49836.01892864959,19703.112950795727
6,Incidence,44637,Low SDI,1,Male,11,30-34 years,559,Schizophrenia,1,Number,2021,10286.950841783446,16497.238407115354,5036.35859903457
6,Incidence,44637,Low SDI,2,Female,11,30-34 years,559,Schizophrenia,1,Number,2021,10610.292476819308,17194.89028284871,5095.179338160613
6,Incidence,44637,Low SDI,3,Both,11,30-34 years,559,Schizophrenia,1,Number,2021,20897.243318602763,33544.89568591601,10095.459852307282
6,Incidence,44637,Low SDI,1,Male,12,35-39 years,559,Schizophrenia,1,Number,2021,6615.252904259752,9192.868465423122,4571.911649838492
6,Incidence,44637,Low SDI,2,Female,12,35-39 years,559,Schizophrenia,1,Number,2021,6638.6518321925405,9095.280452776473,4614.221020268924
6,Incidence,44637,Low SDI,3,Both,12,35-39 years,559,Schizophrenia,1,Number,2021,13253.904736452285,18276.42566747349,9132.233011886849
6,Incidence,44637,Low SDI,1,Male,13,40-44 years,559,Schizophrenia,1,Number,2021,4136.801816607163,6753.901040342782,2264.09932080558
6,Incidence,44637,Low SDI,2,Female,13,40-44 years,559,Schizophrenia,1,Number,2021,3976.138511516546,6604.725517789284,2220.6906409883168
6,Incidence,44637,Low SDI,3,Both,13,40-44 years,559,Schizophrenia,1,Number,2021,8112.940328123716,13355.431054290517,4466.426012237246
6,Incidence,44637,Low SDI,1,Male,14,45-49 years,559,Schizophrenia,1,Number,2021,2648.8668347010907,4203.621266172599,1569.688584320295
6,Incidence,44637,Low SDI,2,Female,14,45-49 years,559,Schizophrenia,1,Number,2021,2430.4176913294727,3891.671780007251,1426.1728632087843
6,Incidence,44637,Low SDI,3,Both,14,45-49 years,559,Schizophrenia,1,Number,2021,5079.284526030559,8125.700018393902,2995.86144752908
6,Incidence,44637,Low SDI,1,Male,15,50-54 years,559,Schizophrenia,1,Number,2021,1501.3740182552426,2215.2255190347287,986.7564570094614
6,Incidence,44637,Low SDI,2,Female,15,50-54 years,559,Schizophrenia,1,Number,2021,1336.807978359607,2011.2189112591304,857.6045653292301
6,Incidence,44637,Low SDI,3,Both,15,50-54 years,559,Schizophrenia,1,Number,2021,2838.1819966148487,4226.418292157251,1847.0376507524663
6,Incidence,44637,Low SDI,1,Male,16,55-59 years,559,Schizophrenia,1,Number,2021,709.8439631237584,984.5094420862756,468.9480228524088
6,Incidence,44637,Low SDI,2,Female,16,55-59 years,559,Schizophrenia,1,Number,2021,605.7548504515851,857.9803880306536,396.14007559680647
6,Incidence,44637,Low SDI,3,Both,16,55-59 years,559,Schizophrenia,1,Number,2021,1315.5988135753444,1841.6807457890257,868.8879788188607
6,Incidence,44637,Low SDI,1,Male,17,60-64 years,559,Schizophrenia,1,Number,2021,330.33550678767887,545.4115198248315,174.38130375531293
6,Incidence,44637,Low SDI,2,Female,17,60-64 years,559,Schizophrenia,1,Number,2021,264.943722397889,463.3047647461575,136.9073309668475
6,Incidence,44637,Low SDI,3,Both,17,60-64 years,559,Schizophrenia,1,Number,2021,595.2792291855683,1008.1347872082966,311.9640992007719
6,Incidence,44637,Low SDI,1,Male,18,65-69 years,559,Schizophrenia,1,Number,2021,178.30628202687922,295.5222209474145,93.98228098750194
6,Incidence,44637,Low SDI,2,Female,18,65-69 years,559,Schizophrenia,1,Number,2021,145.51091449116817,254.67552947321064,75.2445518892668
6,Incidence,44637,Low SDI,3,Both,18,65-69 years,559,Schizophrenia,1,Number,2021,323.8171965180477,549.9360954351205,169.468804595009
6,Incidence,44637,Low SDI,1,Male,19,70-74 years,559,Schizophrenia,1,Number,2021,72.89976014286367,121.32414575507931,38.31231410643899
6,Incidence,44637,Low SDI,2,Female,19,70-74 years,559,Schizophrenia,1,Number,2021,60.28500847360306,105.58436255575432,31.17982119981668
6,Incidence,44637,Low SDI,3,Both,19,70-74 years,559,Schizophrenia,1,Number,2021,133.18476861646698,226.63949588256804,69.6059705944638
6,Incidence,44637,Low SDI,1,Male,20,75-79 years,559,Schizophrenia,1,Number,2021,14.855992275890742,24.73091076182091,7.80646394321464
6,Incidence,44637,Low SDI,2,Female,20,75-79 years,559,Schizophrenia,1,Number,2021,12.600632870892715,22.035948723649582,6.520054515662841
6,Incidence,44637,Low SDI,3,Both,20,75-79 years,559,Schizophrenia,1,Number,2021,27.456625146783445,46.74600464047339,14.35790206558022
6,Incidence,44639,Middle SDI,1,Male,9,20-24 years,559,Schizophrenia,1,Number,2021,47261.20109683487,66784.18525504705,29860.77569441827
6,Incidence,44639,Middle SDI,2,Female,9,20-24 years,559,Schizophrenia,1,Number,2021,39755.33772915749,56396.16148679572,25347.100170140788
6,Incidence,44639,Middle SDI,3,Both,9,20-24 years,559,Schizophrenia,1,Number,2021,87016.53882599233,123180.34674184276,55396.043317857606
6,Incidence,44639,Middle SDI,1,Male,10,25-29 years,559,Schizophrenia,1,Number,2021,40791.06443320284,60301.811481910525,23919.413314282883
6,Incidence,44639,Middle SDI,2,Female,10,25-29 years,559,Schizophrenia,1,Number,2021,34230.5494410235,50792.93224792974,19755.18961449391
6,Incidence,44639,Middle SDI,3,Both,10,25-29 years,559,Schizophrenia,1,Number,2021,75021.61387422631,111391.51249073145,43543.431901045
6,Incidence,44639,Middle SDI,1,Male,11,30-34 years,559,Schizophrenia,1,Number,2021,30729.050095980016,49081.76433020368,15201.457924790411
6,Incidence,44639,Middle SDI,2,Female,11,30-34 years,559,Schizophrenia,1,Number,2021,25544.922073314843,41166.21472852757,12374.569377080466
6,Incidence,44639,Middle SDI,3,Both,11,30-34 years,559,Schizophrenia,1,Number,2021,56273.97216929487,90268.29122330144,27591.67594569805
6,Incidence,44639,Middle SDI,1,Male,12,35-39 years,559,Schizophrenia,1,Number,2021,20920.921207082265,28135.863451322268,14197.78671706579
6,Incidence,44639,Middle SDI,2,Female,12,35-39 years,559,Schizophrenia,1,Number,2021,17141.928063931027,23185.1325808022,11766.658675062346
6,Incidence,44639,Middle SDI,3,Both,12,35-39 years,559,Schizophrenia,1,Number,2021,38062.849271013314,51303.90420378404,25943.650854056483
6,Incidence,44639,Middle SDI,1,Male,13,40-44 years,559,Schizophrenia,1,Number,2021,13908.766856348428,22673.279084703103,7792.390504980311
6,Incidence,44639,Middle SDI,2,Female,13,40-44 years,559,Schizophrenia,1,Number,2021,11165.729843186917,18344.13834758101,6111.663470105716
6,Incidence,44639,Middle SDI,3,Both,13,40-44 years,559,Schizophrenia,1,Number,2021,25074.49669953533,41017.41743228412,13878.563561580611
6,Incidence,44639,Middle SDI,1,Male,14,45-49 years,559,Schizophrenia,1,Number,2021,10909.216069684864,16947.514485921165,6563.318557210845
6,Incidence,44639,Middle SDI,2,Female,14,45-49 years,559,Schizophrenia,1,Number,2021,8835.423826952849,13855.1927719515,5246.506004458526
6,Incidence,44639,Middle SDI,3,Both,14,45-49 years,559,Schizophrenia,1,Number,2021,19744.63989663771,30786.78490305577,11800.312551072975
6,Incidence,44639,Middle SDI,1,Male,15,50-54 years,559,Schizophrenia,1,Number,2021,7650.576040725226,11093.16275339474,4999.920495589762
6,Incidence,44639,Middle SDI,2,Female,15,50-54 years,559,Schizophrenia,1,Number,2021,6288.586793311056,9243.76750804315,4096.058415537327
6,Incidence,44639,Middle SDI,3,Both,15,50-54 years,559,Schizophrenia,1,Number,2021,13939.162834036282,20345.984137196567,9093.008277389708
6,Incidence,44639,Middle SDI,1,Male,16,55-59 years,559,Schizophrenia,1,Number,2021,4114.498981472625,5756.817543172103,2770.132221824804
6,Incidence,44639,Middle SDI,2,Female,16,55-59 years,559,Schizophrenia,1,Number,2021,3442.264265811925,4855.094299611941,2290.979099302246
6,Incidence,44639,Middle SDI,3,Both,16,55-59 years,559,Schizophrenia,1,Number,2021,7556.763247284546,10611.91184278404,5091.791118702993
6,Incidence,44639,Middle SDI,1,Male,17,60-64 years,559,Schizophrenia,1,Number,2021,1780.0948158195922,2820.181063797441,948.2819290374462
6,Incidence,44639,Middle SDI,2,Female,17,60-64 years,559,Schizophrenia,1,Number,2021,1478.3230753811808,2393.6160067971814,757.0010124314078
6,Incidence,44639,Middle SDI,3,Both,17,60-64 years,559,Schizophrenia,1,Number,2021,3258.417891200771,5219.578624073514,1694.7251127991904
6,Incidence,44639,Middle SDI,1,Male,18,65-69 years,559,Schizophrenia,1,Number,2021,1142.8453370230068,1804.8497428054704,613.159261069954
6,Incidence,44639,Middle SDI,2,Female,18,65-69 years,559,Schizophrenia,1,Number,2021,969.6791672655625,1559.9472396420438,497.54953367233645
6,Incidence,44639,Middle SDI,3,Both,18,65-69 years,559,Schizophrenia,1,Number,2021,2112.5245042885704,3364.39051933731,1107.6553151815306
6,Incidence,44639,Middle SDI,1,Male,19,70-74 years,559,Schizophrenia,1,Number,2021,467.686197227414,738.2422193686656,251.17072649523152
6,Incidence,44639,Middle SDI,2,Female,19,70-74 years,559,Schizophrenia,1,Number,2021,408.7584182197905,656.8968758244375,209.8384007702421
6,Incidence,44639,Middle SDI,3,Both,19,70-74 years,559,Schizophrenia,1,Number,2021,876.4446154472051,1394.965539582253,459.8630950084736
6,Incidence,44639,Middle SDI,1,Male,20,75-79 years,559,Schizophrenia,1,Number,2021,95.38063388894368,150.67965422557995,51.1449053328594
6,Incidence,44639,Middle SDI,2,Female,20,75-79 years,559,Schizophrenia,1,Number,2021,88.88488488818022,142.92392122484387,45.71786708111225
6,Incidence,44639,Middle SDI,3,Both,20,75-79 years,559,Schizophrenia,1,Number,2021,184.265518777124,293.5583447139564,96.5475866491681
6,Incidence,44639,Middle SDI,1,Male,1,<5 years,559,Schizophrenia,1,Number,2021,0.0,0.0,0.0
6,Incidence,44639,Middle SDI,2,Female,1,<5 years,559,Schizophrenia,1,Number,2021,0.0,0.0,0.0
6,Incidence,44639,Middle SDI,3,Both,1,<5 years,559,Schizophrenia,1,Number,2021,0.0,0.0,0.0
6,Incidence,44639,Middle SDI,1,Male,6,5-9 years,559,Schizophrenia,1,Number,2021,0.0,0.0,0.0
6,Incidence,44639,Middle SDI,2,Female,6,5-9 years,559,Schizophrenia,1,Number,2021,0.0,0.0,0.0
6,Incidence,44639,Middle SDI,3,Both,6,5-9 years,559,Schizophrenia,1,Number,2021,0.0,0.0,0.0
6,Incidence,44639,Middle SDI,1,Male,7,10-14 years,559,Schizophrenia,1,Number,2021,6300.794372783311,10536.02371835317,3418.6761524476124
6,Incidence,44639,Middle SDI,2,Female,7,10-14 years,559,Schizophrenia,1,Number,2021,5007.683826899789,8429.137383798887,2665.343521416571
6,Incidence,44639,Middle SDI,3,Both,7,10-14 years,559,Schizophrenia,1,Number,2021,11308.478199683112,18849.348536462538,6104.735979787831
6,Incidence,44639,Middle SDI,1,Male,8,15-19 years,559,Schizophrenia,1,Number,2021,27767.84666761515,43427.384486414594,15558.835221386444
6,Incidence,44639,Middle SDI,2,Female,8,15-19 years,559,Schizophrenia,1,Number,2021,22872.74085123217,35588.169110001625,12708.495838252364
6,Incidence,44639,Middle SDI,3,Both,8,15-19 years,559,Schizophrenia,1,Number,2021,50640.58751884732,79376.53747064236,28267.331059638807
6,Incidence,44637,Low SDI,1,Male,1,<5 years,559,Schizophrenia,1,Number,2021,0.0,0.0,0.0
6,Incidence,44637,Low SDI,2,Female,1,<5 years,559,Schizophrenia,1,Number,2021,0.0,0.0,0.0
6,Incidence,44637,Low SDI,3,Both,1,<5 years,559,Schizophrenia,1,Number,2021,0.0,0.0,0.0
6,Incidence,44637,Low SDI,1,Male,6,5-9 years,559,Schizophrenia,1,Number,2021,0.0,0.0,0.0
6,Incidence,44637,Low SDI,2,Female,6,5-9 years,559,Schizophrenia,1,Number,2021,0.0,0.0,0.0
6,Incidence,44637,Low SDI,3,Both,6,5-9 years,559,Schizophrenia,1,Number,2021,0.0,0.0,0.0
6,Incidence,44637,Low SDI,1,Male,7,10-14 years,559,Schizophrenia,1,Number,2021,3426.813688786635,6228.043647873509,1670.209556384525
6,Incidence,44637,Low SDI,2,Female,7,10-14 years,559,Schizophrenia,1,Number,2021,3030.561083345016,5594.79669112547,1423.7692887391136
6,Incidence,44637,Low SDI,3,Both,7,10-14 years,559,Schizophrenia,1,Number,2021,6457.374772131648,11807.678042295229,3103.2391963937966
6,Incidence,44637,Low SDI,1,Male,8,15-19 years,559,Schizophrenia,1,Number,2021,13770.390427538068,22585.47833435962,7377.732641114295
6,Incidence,44637,Low SDI,2,Female,8,15-19 years,559,Schizophrenia,1,Number,2021,13312.427805018791,22288.596477847223,7077.645548451614
6,Incidence,44637,Low SDI,3,Both,8,15-19 years,559,Schizophrenia,1,Number,2021,27082.818232556896,44794.356319213446,14455.378189565909
6,Incidence,44639,Middle SDI,1,Male,22,All ages,559,Schizophrenia,1,Number,2021,213839.94280568845,257315.3290385965,175948.9006330691
6,Incidence,44639,Middle SDI,2,Female,22,All ages,559,Schizophrenia,1,Number,2021,177230.81226057626,213788.2539050785,145911.1830712743
6,Incidence,44639,Middle SDI,3,Both,22,All ages,559,Schizophrenia,1,Number,2021,391070.7550662653,471393.4295039162,321493.87337271846
6,Incidence,44639,Middle SDI,1,Male,30,80-84 years,559,Schizophrenia,1,Number,2021,0.0,0.0,0.0
6,Incidence,44639,Middle SDI,2,Female,30,80-84 years,559,Schizophrenia,1,Number,2021,0.0,0.0,0.0
6,Incidence,44639,Middle SDI,3,Both,30,80-84 years,559,Schizophrenia,1,Number,2021,0.0,0.0,0.0
6,Incidence,44639,Middle SDI,1,Male,31,85-89 years,559,Schizophrenia,1,Number,2021,0.0,0.0,0.0
6,Incidence,44639,Middle SDI,2,Female,31,85-89 years,559,Schizophrenia,1,Number,2021,0.0,0.0,0.0
6,Incidence,44639,Middle SDI,3,Both,31,85-89 years,559,Schizophrenia,1,Number,2021,0.0,0.0,0.0
6,Incidence,44639,Middle SDI,1,Male,32,90-94 years,559,Schizophrenia,1,Number,2021,0.0,0.0,0.0
6,Incidence,44639,Middle SDI,2,Female,32,90-94 years,559,Schizophrenia,1,Number,2021,0.0,0.0,0.0
6,Incidence,44639,Middle SDI,3,Both,32,90-94 years,559,Schizophrenia,1,Number,2021,0.0,0.0,0.0
6,Incidence,44637,Low SDI,1,Male,22,All ages,559,Schizophrenia,1,Number,2021,81832.2407928405,101269.3034776442,64238.9942813401
6,Incidence,44637,Low SDI,2,Female,22,All ages,559,Schizophrenia,1,Number,2021,81859.78688304334,102640.24671946514,63687.40613771796
6,Incidence,44637,Low SDI,3,Both,22,All ages,559,Schizophrenia,1,Number,2021,163692.02767588382,203659.3748418273,127545.175081825
6,Incidence,44637,Low SDI,1,Male,30,80-84 years,559,Schizophrenia,1,Number,2021,0.0,0.0,0.0
6,Incidence,44637,Low SDI,2,Female,30,80-84 years,559,Schizophrenia,1,Number,2021,0.0,0.0,0.0
6,Incidence,44637,Low SDI,3,Both,30,80-84 years,559,Schizophrenia,1,Number,2021,0.0,0.0,0.0
6,Incidence,44637,Low SDI,1,Male,31,85-89 years,559,Schizophrenia,1,Number,2021,0.0,0.0,0.0
6,Incidence,44637,Low SDI,2,Female,31,85-89 years,559,Schizophrenia,1,Number,2021,0.0,0.0,0.0
6,Incidence,44637,Low SDI,3,Both,31,85-89 years,559,Schizophrenia,1,Number,2021,0.0,0.0,0.0
6,Incidence,44637,Low SDI,1,Male,32,90-94 years,559,Schizophrenia,1,Number,2021,0.0,0.0,0.0
6,Incidence,44637,Low SDI,2,Female,32,90-94 years,559,Schizophrenia,1,Number,2021,0.0,0.0,0.0
6,Incidence,44637,Low SDI,3,Both,32,90-94 years,559,Schizophrenia,1,Number,2021,0.0,0.0,0.0
